global_step,epoch,eval/loss,eval/accuracy,eval/f1,paper_fig5/test_accuracy,paper_fig5/test_loss,time/wall_clock_sec
20,0.24358974358974358,1.0674860847555774,0.5306859205776173,0.015151515151515152,0.5306859205776173,1.0674860847555774,4.72833251953125
