global_step,epoch,eval/loss,eval/accuracy,eval/f1,paper_fig5/test_accuracy,paper_fig5/test_loss,time/wall_clock_sec
25,0.3076923076923077,0.6771269429891978,0.5487364620938628,0.463519313304721,0.5487364620938628,0.6771269429891978,6.061059951782227
50,0.6282051282051282,0.6892771738100568,0.5740072202166066,0.5083333333333333,0.5740072202166066,0.6892771738100568,12.536491870880127
75,0.9487179487179487,0.7148287494260052,0.6137184115523465,0.5201793721973094,0.6137184115523465,0.7148287494260052,19.04834771156311
100,1.2692307692307692,0.7170081362397231,0.5992779783393501,0.5647058823529412,0.5992779783393501,0.7170081362397231,25.58748984336853
