epoch,train_size,steps_in_epoch,batch_size,draw_count,unique_seen_count,never_seen_count,never_seen_frac,repeated_sample_count,repeated_sample_frac,duplicate_draw_count,duplicate_draw_frac_of_draws,max_times_seen,task,variant,seed,fallback_draw_count,fallback_draw_frac
0,2490,78,32,2496,14,2476,0.9943775100401606,14,0.005622489959839358,2482,0.9943910256410257,497,rte,paper_lgd,0,0,0.0
1,2490,78,32,2496,14,2476,0.9943775100401606,14,0.005622489959839358,2482,0.9943910256410257,515,rte,paper_lgd,0,0,0.0
2,2490,78,32,2496,14,2476,0.9943775100401606,14,0.005622489959839358,2482,0.9943910256410257,511,rte,paper_lgd,0,0,0.0
