global_step,epoch,eval/loss,eval/accuracy,eval/f1,paper_fig5/test_accuracy,paper_fig5/test_loss,time/wall_clock_sec
25,0.3076923076923077,1.1935151854146688,0.5342960288808665,0.03007518796992481,0.5342960288808665,1.1935151854146688,6.040995121002197
50,0.6282051282051282,1.739074156172439,0.5342960288808665,0.03007518796992481,0.5342960288808665,1.739074156172439,12.724883556365967
75,0.9487179487179487,2.028413999812267,0.5342960288808665,0.03007518796992481,0.5342960288808665,2.028413999812267,19.441882610321045
100,1.2692307692307692,0.8010929121437486,0.48736462093862815,0.5919540229885057,0.48736462093862815,0.8010929121437486,32.512911796569824
