global_step,epoch,eval/loss,eval/accuracy,eval/f1,paper_fig5/test_accuracy,paper_fig5/test_loss,time/wall_clock_sec
20,0.24358974358974358,1.04135737092056,0.5342960288808665,0.03007518796992481,0.5342960288808665,1.04135737092056,4.676180124282837
