global_step,epoch,eval/loss,eval/accuracy,eval/f1,paper_fig5/test_accuracy,paper_fig5/test_loss,time/wall_clock_sec
1,0.0,0.8988137198429481,0.3161764705882353,0.0,0.3161764705882353,0.8988137198429481,0.8441076278686523
2,0.002178649237472767,0.8799391190210978,0.3161764705882353,0.0,0.3161764705882353,0.8799391190210978,1.6162376403808594
