epoch,train_size,steps_in_epoch,batch_size,draw_count,unique_seen_count,never_seen_count,never_seen_frac,repeated_sample_count,repeated_sample_frac,duplicate_draw_count,duplicate_draw_frac_of_draws,max_times_seen
0,3668,115,32,3680,937,2731,0.7445474372955289,426,0.11613958560523446,2743,0.7453804347826087,90
1,3668,115,32,3680,1317,2351,0.6409487459105779,726,0.19792802617230099,2363,0.6421195652173913,54
2,3668,115,32,3680,1226,2442,0.6657579062159215,707,0.19274809160305342,2454,0.6668478260869565,61
