epoch,train_size,steps_in_epoch,batch_size,draw_count,unique_seen_count,never_seen_count,never_seen_frac,repeated_sample_count,repeated_sample_frac,duplicate_draw_count,duplicate_draw_frac_of_draws,max_times_seen
0,3668,115,32,3680,1895,1773,0.48336968375136313,771,0.21019629225736097,1785,0.485054347826087,72
1,3668,115,32,3680,2172,1496,0.4078516902944384,956,0.2606324972737186,1508,0.4097826086956522,8
2,3668,115,32,3680,2141,1527,0.4163031624863686,939,0.2559978189749182,1539,0.4182065217391304,9
