global_step,epoch,eval/loss,eval/accuracy,eval/f1,paper_fig5/test_accuracy,paper_fig5/test_loss,time/wall_clock_sec
25,0.20869565217391303,0.6196182896109188,0.6838235294117647,0.8122270742358079,0.6838235294117647,0.6196182896109188,5.901116132736206
50,0.4260869565217391,0.5465760231018066,0.7034313725490197,0.8169440242057489,0.7034313725490197,0.5465760231018066,12.454507112503052
75,0.6434782608695652,0.5123729962928623,0.7769607843137255,0.851063829787234,0.7769607843137255,0.5123729962928623,19.052439212799072
100,0.8608695652173913,0.4754534422182569,0.8014705882352942,0.867862969004894,0.8014705882352942,0.4754534422182569,25.661361694335938
