global_step,epoch,eval/loss,eval/accuracy,eval/f1,paper_fig5/test_accuracy,paper_fig5/test_loss,time/wall_clock_sec
20,0.24358974358974358,0.6822231375353431,0.5776173285198556,0.5617977528089888,0.5776173285198556,0.6822231375353431,4.9105446338653564
