global_step,epoch,eval/loss,eval/accuracy,eval/f1,paper_fig5/test_accuracy,paper_fig5/test_loss,time/wall_clock_sec
25,0.20869565217391303,0.7356833990882424,0.6838235294117647,0.8122270742358079,0.6838235294117647,0.7356833990882424,5.933358430862427
50,0.4260869565217391,0.9953057485468247,0.6838235294117647,0.8122270742358079,0.6838235294117647,0.9953057485468247,12.824750423431396
75,0.6434782608695652,1.0727489836075728,0.6838235294117647,0.8122270742358079,0.6838235294117647,1.0727489836075728,19.706554889678955
100,0.8608695652173913,1.118791047264548,0.6838235294117647,0.8122270742358079,0.6838235294117647,1.118791047264548,26.61776638031006
