global_step,epoch,eval/loss,eval/accuracy,eval/f1,paper_fig5/test_accuracy,paper_fig5/test_loss,time/wall_clock_sec
25,0.20869565217391303,0.7026251133750466,0.6299019607843137,0.7694656488549618,0.6299019607843137,0.7026251133750466,3.9290337562561035
50,0.4260869565217391,0.7567265173968147,0.6813725490196079,0.8099415204678363,0.6813725490196079,0.7567265173968147,8.363056421279907
75,0.6434782608695652,0.7858073290656594,0.6813725490196079,0.8104956268221575,0.6813725490196079,0.7858073290656594,12.783504486083984
100,0.8608695652173913,0.7994144710839963,0.6813725490196079,0.8104956268221575,0.6813725490196079,0.7994144710839963,17.209430932998657
