global_step,epoch,eval/loss,eval/accuracy,eval/f1,paper_fig5/test_accuracy,paper_fig5/test_loss,time/wall_clock_sec
20,0.16521739130434782,0.6597619874804628,0.6838235294117647,0.8122270742358079,0.6838235294117647,0.6597619874804628,3.1518049240112305
