global_step,epoch,eval/loss,eval/accuracy,eval/f1,paper_fig5/test_accuracy,paper_fig5/test_loss,time/wall_clock_sec
25,0.3076923076923077,0.7768898595541393,0.5018050541516246,0.3300970873786408,0.5018050541516246,0.7768898595541393,3.902388572692871
50,0.6282051282051282,0.9131464837690553,0.5090252707581228,0.22727272727272727,0.5090252707581228,0.9131464837690553,8.04772686958313
75,0.9487179487179487,1.0380165568327646,0.5090252707581228,0.22727272727272727,0.5090252707581228,1.0380165568327646,12.195125102996826
100,1.2692307692307692,1.017838398902425,0.5703971119133574,0.5182186234817814,0.5703971119133574,1.017838398902425,20.558394193649292
