epoch,train_size,steps_in_epoch,batch_size,draw_count,unique_seen_count,never_seen_count,never_seen_frac,repeated_sample_count,repeated_sample_frac,duplicate_draw_count,duplicate_draw_frac_of_draws,max_times_seen
0,3668,115,32,3680,1497,2171,0.5918756815703381,680,0.18538713195201745,2183,0.5932065217391305,67
1,3668,115,32,3680,1923,1745,0.4757360959651036,959,0.26145038167938933,1757,0.47744565217391305,12
2,3668,115,32,3680,1784,1884,0.5136314067611778,868,0.2366412213740458,1896,0.5152173913043478,18
