epoch,train_size,steps_in_epoch,batch_size,draw_count,unique_seen_count,never_seen_count,never_seen_frac,repeated_sample_count,repeated_sample_frac,duplicate_draw_count,duplicate_draw_frac_of_draws,max_times_seen
0,3668,115,32,3680,724,2944,0.8026172300981461,344,0.09378407851690294,2956,0.8032608695652174,94
1,3668,115,32,3680,870,2798,0.762813522355507,532,0.1450381679389313,2810,0.7635869565217391,62
2,3668,115,32,3680,1018,2650,0.722464558342421,618,0.16848418756815703,2662,0.7233695652173913,51
