epoch,train_size,steps_in_epoch,batch_size,draw_count,unique_seen_count,never_seen_count,never_seen_frac,repeated_sample_count,repeated_sample_frac,duplicate_draw_count,duplicate_draw_frac_of_draws,max_times_seen,task,variant,seed,fallback_draw_count,fallback_draw_frac
0,3668,115,32,3680,2338,1330,0.36259541984732824,963,0.26254089422028354,1342,0.36467391304347824,7,mrpc,random,0,0,0.0
1,3668,115,32,3680,2319,1349,0.3677753544165758,976,0.26608505997818976,1361,0.36983695652173915,6,mrpc,random,0,0,0.0
2,3668,115,32,3680,2278,1390,0.37895310796074155,978,0.26663031624863687,1402,0.3809782608695652,6,mrpc,random,0,0,0.0
